{
  "colors" : [
    {
      "idiom": "universal",
      "color": {
        "color-space": "srgb",
        "components": {
          "red": "0.0",
          "green": "0.478",
          "blue": "0.851",
          "alpha": "1.000"
        }
      }
    },
    {
      "idiom": "universal",
      "appearances": [
        {
          "appearance": "luminosity",
          "value": "dark"
        }
      ],
      "color": {
        "color-space": "srgb",
        "components": {
          "red": "0.196",
          "green": "0.569",
          "blue": "0.906",
          "alpha": "1.000"
        }
      }
    }
  ],
  "info" : {
    "author" : "xcode",
    "version" : 1
  }
}
